{"_wandb":{"runtime":7},"train/epoch":0,"_timestamp":1.7476392323405387e+09,"_step":1,"train/loss":0.3426428735256195,"val/epoch":0,"_runtime":7.801896559,"train/avg_loss":0.3426428735256195,"val/loss":0}