{"_step":150,"validation/loss":0,"_timestamp":1.7475132569240885e+09,"training/loss":0,"_runtime":221.995853789,"_wandb":{"runtime":221}}