{"val/epoch":0,"train/loss":0.5557628870010376,"_wandb":{"runtime":7},"_step":1,"val/loss":0,"_runtime":7.691278084,"_timestamp":1.7475745522903671e+09,"train/epoch":0,"train/avg_loss":0.5557628870010376}