{"val/epoch":0,"_runtime":7.823463055,"train/loss":0.47399792075157166,"val/loss":0,"_step":1,"_timestamp":1.7476408096632538e+09,"train/epoch":0,"train/avg_loss":0.47399792075157166,"_wandb":{"runtime":7}}