{"_wandb":{"runtime":60},"train/avg_loss":0.24148234724998474,"train/epoch":9,"val/epoch":9,"train/loss":0.24148234724998474,"_runtime":60.483803452,"_timestamp":1.7475734917636077e+09,"_step":10,"val/loss":0.9001448154449463}