{"val/loss":0,"val/epoch":0,"_runtime":7.727654941,"_step":1,"train/loss":0.9031677842140198,"_wandb":{"runtime":7},"train/avg_loss":0.9031677842140198,"train/epoch":0,"_timestamp":1.7475739793762732e+09}