{"_step":1,"train/loss":0.7783254981040955,"val/loss":0,"train/epoch":0,"train/avg_loss":0.7783254981040955,"_runtime":8.721986273,"_wandb":{"runtime":8},"val/epoch":0,"_timestamp":1.7476406243165975e+09}