{"train/avg_loss":0.3024643659591675,"val/epoch":0,"_timestamp":1.7476392728894706e+09,"val/loss":0,"train/loss":0.3024643659591675,"_runtime":7.687022711,"_step":1,"train/epoch":0,"_wandb":{"runtime":7}}