{"_step":364,"val/loss":0,"train/epoch":1,"train/avg_loss":0.10969274254893166,"_runtime":244.295900484,"val/epoch":0,"_wandb":{"runtime":244},"_timestamp":1.7475642097928443e+09,"train/loss":0}