{"train/epoch":0,"_step":1,"val/epoch":0,"train/avg_loss":0.8783000707626343,"_runtime":9.699827319,"_timestamp":1.747574156832667e+09,"_wandb":{"runtime":9},"val/loss":0,"train/loss":0.8783000707626343}