{"val/epoch":6,"_wandb":{"runtime":1182},"train/loss":0,"_timestamp":1.7475667253894372e+09,"train/avg_loss":0,"train/epoch":7,"_step":2327,"_runtime":1182.112868556,"val/loss":0.018777841251660016}