{"train/epoch":0,"train/avg_loss":0.59674072265625,"_step":1,"val/epoch":0,"train/loss":0.59674072265625,"val/loss":0,"_wandb":{"runtime":8},"_runtime":8.713216179,"_timestamp":1.7476411203333597e+09}