{"validation/loss":0,"_timestamp":1.7475138003975387e+09,"training/loss":0,"_runtime":536.144760993,"_wandb":{"runtime":536},"_step":943}