{"train/loss":0.605374276638031,"train/epoch":0,"_runtime":7.695704307,"val/epoch":0,"_wandb":{"runtime":7},"_timestamp":1.7476409665196316e+09,"_step":1,"val/loss":0,"train/avg_loss":0.605374276638031}