{"_wandb":{"runtime":6},"training/loss":0.9882023334503174,"_runtime":6.9827530939999995,"_step":2,"validation/loss":0,"_timestamp":1.747488295981961e+09}