{"val/epoch":0,"train/epoch":0,"_timestamp":1.7476440041564007e+09,"_wandb":{"runtime":7},"_runtime":7.800844575,"val/loss":0,"_step":1,"train/loss":0.1367478370666504,"train/avg_loss":0.1367478370666504}