{"_timestamp":1.7475735987166908e+09,"train/loss":0.8141818642616272,"_wandb":{"runtime":9},"val/loss":0,"val/epoch":0,"_step":1,"train/epoch":0,"_runtime":9.706387211,"train/avg_loss":0.8141818642616272}