{"_step":1,"_timestamp":1.7476421131093383e+09,"_runtime":7.69727738,"val/epoch":0,"_wandb":{"runtime":7},"train/loss":0.45881596207618713,"train/epoch":0,"val/loss":0,"train/avg_loss":0.45881596207618713}