{"train/loss":0.1804232895374298,"train/avg_loss":0.1804232895374298,"_timestamp":1.7476391214848595e+09,"train/epoch":0,"_wandb":{"runtime":7},"val/loss":0,"_runtime":7.940426339,"val/epoch":0,"_step":1}