{"_runtime":300.009922706,"_step":534,"validation/loss":0.000500413936142828,"_timestamp":1.747514109143186e+09,"_wandb":{"runtime":300},"training/loss":0}