{"val/epoch":4,"train/avg_loss":0.45321500301361084,"_wandb":{"runtime":33},"_runtime":33.626376211,"_step":6,"train/loss":0.45321500301361084,"train/epoch":5,"val/loss":0.23395180702209473,"_timestamp":1.747643447896879e+09}