{"_wandb":{"runtime":6},"train/avg_loss":0.5490995049476624,"_runtime":6.718284035,"val/epoch":0,"train/epoch":0,"_timestamp":1.7476422210462215e+09,"train/loss":0.5490995049476624,"val/loss":0,"_step":1}