{"train/avg_loss":0.34937259554862976,"_runtime":7.763021324,"_step":1,"val/epoch":0,"_wandb":{"runtime":7},"train/loss":0.34937259554862976,"train/epoch":0,"val/loss":0,"_timestamp":1.7476434695721703e+09}