{"train/epoch":9,"_step":10,"val/epoch":9,"val/loss":0.7347233295440674,"_wandb":{"runtime":58},"_timestamp":1.7475730390560496e+09,"train/avg_loss":0.9050479531288147,"train/loss":0.9050479531288147,"_runtime":58.613020246}