{"train/loss":0.5915278196334839,"_step":1,"_runtime":9.710014193,"_wandb":{"runtime":9},"val/epoch":0,"_timestamp":1.7475749601616812e+09,"train/epoch":0,"val/loss":0,"train/avg_loss":0.5915278196334839}