{"_step":2,"_wandb":{"runtime":6},"validation/loss":0,"_timestamp":1.7474884396424556e+09,"training/loss":0.9866695404052734,"_runtime":6.436764741}